Jobs,Departments
Achievement Director,Special Education
After School Program Assignment,Additional Work Assignment
Aide - Non-Instructional,Operations
Assistant,Additional Work Assignment
Assistant Dean,Student Support
Assistant School Leader,School Leadership
"Assistant School Leader, School Culture",School Leadership
"Assistant School Leader, SPED",School Leadership
Associate,"Marketing, Comms, and Enrollment"
Associate,Operations
Associate Director,KIPP Forward
Associate Director,Operations
Associate Director,Student Support
Associate Director,Teaching and Learning
Associate Director of School Operations,Operations
Behavior Analyst,Student Support
Behavior Specialist,Student Support
Campus Facilities Specialist 1,Operations
Campus Facilities Specialist 2,Operations
Canvasser,Additional Work Assignment
College Placement Counselor,KIPP Forward
Compliance Manager,Special Education
Coordinator,KIPP Forward
Coordinator,"Marketing, Comms, and Enrollment"
Coordinator,School Support
Coordinator (Part-Time),"Marketing, Comms, and Enrollment"
Counselor,KIPP Forward
Counselor,Student Support
Custodian,Operations
Dean,School Leadership
Dean of Students,School Leadership
Director,KIPP Forward
Director,"Marketing, Comms, and Enrollment"
Director,Operations
Director,School Support
Director,Special Education
Director,Student Experience
Director,Student Support
Director Campus Operations,Operations
Director of Social Work,Student Support
Director School Operations,Operations
Extra-Curricular Assignment,Additional Work Assignment
Fellow,KIPP Forward
Fellow School Operations Director,Operations
Head of Schools,School Support
Head of Schools in Residence,School Support
Home Instructor,Additional Work Assignment
Intern,KIPP Forward
Intern,"Marketing, Comms, and Enrollment"
Intern,"Marketing, Comms, and Enrollment"
Intern,Operations
Intern,Social Work
Intern,Special Education
Intern,Technology
Learning Disabilities Teacher Consultant,Special Education
Learning Specialist,Special Education
Learning Specialist Coordinator,Special Education
Licensed Practical Nurse,Operations
Manager,KIPP Forward
Manager,"Marketing, Comms, and Enrollment"
Manager,Operations
Manager,School Support
Manager,Technology
Managing Director,School Support
Managing Director of School Operations,Operations
Occupational Therapist,Special Education
Operations Associate,Operations
Operations Coordinator,Operations
Paraprofessional,Special Education
Porter,Operations
Praxis Tutor,Additional Work Assignment
Receptionist,Operations
Regional Facilities Manager,Operations
Registered Nurse,Operations
School Facilities Specialist 1,Operations
School Facilities Specialist 2,Operations
School Leader,School Leadership
School Leader in Residence,School Leadership
School Operations Manager,Operations
School Psychologist,Special Education
Security,Operations
Senior Custodian,Operations
Senior Manager,Technology
Senior Specialist,Technology
Social Worker,Social Work
Specialist,Technology
Speech Language Pathologist,Special Education
Student Support Advocate,Student Support
Substitute Teacher,School Support
Summer Nurse,Additional Work Assignment
Summer Program Manager,Additional Work Assignment
Summer Program Occupational Therapist,Additional Work Assignment
Summer Program Paraprofessional,Additional Work Assignment
Summer Program Social Worker,Additional Work Assignment
Summer Program Speech Language Pathologist,Additional Work Assignment
Summer Program Student Support Advocate,Additional Work Assignment
Summer Program Teacher,Additional Work Assignment
Supervisor,Technology
Teacher,Computer Science
Teacher,Elementary
Teacher,English
Teacher,ES Specials
Teacher,History
Teacher,KIPP Forward
Teacher,Math
Teacher,MS Enrichment
Teacher,Music
Teacher,Physical Education
Teacher,School Support
Teacher,Science
Teacher,Special Education
Teacher,Visual and Performing Arts
Teacher,World Languages
Teacher,Writing
Teacher ESL,Special Education
Teacher in Residence,Elementary
Teacher in Residence,High
Teacher in Residence,Middle
Teacher in Residence ESL,Special Education
Team and Family Couselor,KIPP Forward
Achievement Director,Special Education
Aide - Non-Instructional,Operations
Aide - Non-Instructional - Level II,Operations
Assistant Dean,Student Support
Assistant Dean,Student Support
Assistant School Leader,School Leadership
"Assistant School Leader, School Culture",School Leadership
"Assistant School Leader, SPED",School Leadership
Associate,"Marketing, Comms, and Enrollment"
Associate,Operations
Associate Director,KIPP Forward
Associate Director,"Marketing, Comms, and Enrollment"
Associate Director,Operations
Associate Director,Student Support
Associate Director,Teaching and Learning
Associate Director of School Operations,Operations
Behavior Analyst,Student Support
Behavior Specialist,Student Support
Campus Facilities Specialist 1,Operations
Campus Facilities Specialist 2,Operations
Chief Of Staff,School Support
College Placement Counselor,KIPP Forward
Compliance Manager,Special Education
Coordinator,KIPP Forward
Coordinator,"Marketing, Comms, and Enrollment"
Coordinator,School Support
Coordinator (Part-Time),"Marketing, Comms, and Enrollment"
Counselor,KIPP Forward
Counselor,Student Support
Custodian,Operations
Dean,School Leadership
Dean of Students,School Leadership
Deputy Head of Schools,School Support
Director,KIPP Forward
Director,"Marketing, Comms, and Enrollment"
Director,Operations
Director,School Support
Director,Special Education
Director,Student Experience
Director,Student Support
Director Campus Operations,Operations
Director of Social Work,Student Support
Director School Operations,Operations
Fellow,KIPP Forward
Fellow School Operations Director,Operations
Head of Schools,School Support
Head of Schools in Residence,School Support
Instructional Aide,Elementary
Instructor in Residence,Elementary
Instructor in Residence,Middle
Intern,KIPP Forward
Intern,"Marketing, Comms, and Enrollment"
Intern,Operations
Intern,Social Work
Intern,Special Education
Intern,Technology
Learning Disabilities Teacher Consultant,Special Education
Learning Specialist,Special Education
Learning Specialist Coordinator,Special Education
Licensed Practical Nurse,Operations
Licensed Security Officer,Operations
Manager,KIPP Forward
Manager,"Marketing, Comms, and Enrollment"
Manager,Operations
Manager,School Support
Manager,Technology
Managing Director,School Support
Managing Director,Student Experience
Managing Director,Student Experience
Managing Director of School Operations,Operations
Mental Health Counselor,Social Work
Occupational Therapist,Special Education
Office Manager,Operations
Operations Coordinator,Operations
Paraprofessional,Special Education
Porter,Operations
Regional Facilities Manager,Operations
Registered Nurse,Operations
School Facilities Specialist 1,Operations
School Facilities Specialist 2,Operations
School Leader,School Leadership
School Leader in Residence,School Leadership
School Operations Manager,Operations
School Psychologist,Special Education
Security,Operations
Senior Custodian,Operations
Senior Manager,Technology
Senior Specialist,Technology
Social Worker,Social Work
Specialist,Technology
Speech Language Pathologist,Special Education
Student Support Advocate,Student Support
Substitute Teacher,School Support
Supervisor,Technology
Teacher,Computer Science
Teacher,Elementary
Teacher,English
Teacher,ES Specials
Teacher,History
Teacher,KIPP Forward
Teacher,Math
Teacher,MS Enrichment
Teacher,Music
Teacher,Physical Education
Teacher,School Support
Teacher,Science
Teacher,Special Education
Teacher,Visual and Performing Arts
Teacher,World Languages
Teacher,Writing
Teacher ESL,Special Education
Teacher in Residence,Elementary
Teacher in Residence,Middle
Teacher in Residence ESL,Special Education
Team and Family Couselor,KIPP Forward
Accountant,Accounting
Achievement Director,KIPP Forward
Achievement Director,Special Education
Achievement Director,Teaching and Learning
Analyst,Accounting
Analyst,Data
Analyst,Finance
Analyst,Teaching and Learning
Associate,Accounting
Associate,Advocacy
Associate,Data
Associate,Development
Associate,Finance
Associate,Innovation
Associate,Leadership Development
Associate,Operations
Associate,Talent Acquisition
Associate,Teaching and Learning
Associate Director,Data
Associate Director,KIPP Forward
Associate Director,"Marketing, Comms, and Enrollment"
Associate Director,Operations
Associate Director,Talent Acquisition
Associate Director,Teaching and Learning
Associate Temporary,Human Resources
Associate Temporary,Innovation
Associate Temporary,KIPP Forward
Associate Temporary,Talent Acquisition
Chief,Growth
Chief Academic Officer,Teaching and Learning
Chief College and Career Officer,KIPP Forward
Chief Development Officer,Development
Chief Equity Strategist,Executive
Chief Equity Strategist,"Race, Equity, Inclusion"
Chief Executive Officer,Executive
Chief External Officer,Development
Chief Financial Officer,Finance
Chief Of Staff,Executive
Chief Of Staff,Leadership Development
Chief Operating Officer,Operations
Chief People Officer,Leadership Development
Co-President,Executive
College Persistence Counselor,KIPP Forward
College to Career Manager,KIPP Forward
Controller,Accounting
Coordinator,Administration and Events
Coordinator,Advocacy
Coordinator,Development
Coordinator,Human Resources
Coordinator,KIPP Forward
Coordinator,"Marketing, Comms, and Enrollment"
Coordinator,Operations
Coordinator,Talent Acquisition
Coordinator,Teaching and Learning
Coordinator (Part-Time),Development
Counselor,KIPP Forward
Data and Operations Manager,KIPP Forward
Deputy,Executive
Deputy,Development
Deputy,Teaching and Learning
Director,Accounting
Director,Administration and Events
Director,Advocacy
Director,Data
Director,Development
Director,Facilities
Director,Finance
Director,Human Resources
Director,Innovation
Director,KIPP Forward
Director,Leadership Development
Director,"Marketing, Comms, and Enrollment"
Director,Operations
Director,Real Estate
Director,Real Estate and Facilities
Director,Special Projects
Director,Talent Acquisition
Director,Teacher Development
Director,Teaching And Learning
Director,Technology
Director College Persistence,KIPP Forward
Director Deputy,Development
Director Elementary Literacy Curriculum,Teaching and Learning
Director Employee Relations,Human Resources
Director Foundation and Corporate Giving,Development
Director High School Literacy Curriculum,Teaching and Learning
Director Literacy Achievement,Teaching and Learning
Director Math Achievement,Teaching and Learning
Director Middle School Literacy Curriculum,Teaching and Learning
Director of Accounting,Accounting
Director Purchasing,Purchasing
Director Strategic Initiatives,Development
"Director, College and Career Placement",KIPP Forward
"Director, College and Career Readiness",KIPP Forward
"Director, Employee Relations",Human Resources
Engineer,Data
Executive Assistant,Executive
Executive Director,Executive
Generalist,Human Resources
Generalist,Human Resources
Intern,Accounting
Intern,Data
Intern,Development
Intern,Facilities
Intern,Human Resources
Intern,Innovation
Intern,Interns
Intern,KIPP Forward
Intern,Leadership Development
Intern,"Marketing, Comms, and Enrollment"
Intern,Operations
Intern,Special Projects
Intern,Teaching and Learning
Junior Accountant,Accounting
Manager,Accounting
Manager,Advocacy
Manager,Compliance
Manager,Development
Manager,Finance
Manager,Human Resources
Manager,KIPP Forward
Manager,Leadership Development
Manager,"Marketing, Comms, and Enrollment"
Manager,Operations
Manager,Real Estate
Manager,Real Estate and Facilities
Manager,Talent Acquisition
Manager,Technology
Managing Director,Advocacy
Managing Director,Compliance
Managing Director,Data
Managing Director,Development
Managing Director,Facilities
Managing Director,Finance
Managing Director,Human Resources
Managing Director,Human Resources
Managing Director,Innovation
Managing Director,KIPP Forward
Managing Director,"Marketing, Comms, and Enrollment"
Managing Director,Operations
Managing Director,Real Estate and Facilities
Managing Director,Special Education
Managing Director,Talent Acquisition
Managing Director,Teacher Development
Managing Director,Technology
Managing Director Accounting,Accounting
Managing Director in Residence,Operations
Managing Director of Growth,Operations
Managing Director of Operations,Operations
Managing Director of Teaching & Learning,Teaching and Learning
Operations Associate,Development
Operations Associate,Teaching and Learning
Purchasing Coordinator,Purchasing
Recruiter,Talent Acquisition
Senior Accountant,Accounting
Senior Analyst,Data
Senior Manager,Technology
Senior Specialist,Technology
Social Worker,KIPP Forward
Special Counsel,Compliance
Specialist,Accounting
Specialist,Data
Specialist,Human Resources
Specialist,"Marketing, Comms, and Enrollment"
Specialist,Teaching and Learning
Specialist,Technology
Specialist Temporary,Human Resources
System Administrator,Technology
Systems Analyst,Data
Systems Analyst,Technology
Systems Engineer,Technology
Academic Interventionist,Student Support
Achievement Director,Special Education
After School Program Assignment,Additional Work Assignment
Aide - Non-Instructional,Operations
Assistant,Additional Work Assignment
Assistant Dean,Student Support
Assistant School Leader,Operations
Assistant School Leader,School Leadership
"Assistant School Leader, SPED",School Leadership
Associate,Additional Work Assignment
Associate,"Marketing, Comms, and Enrollment"
Associate,Operations
Associate,Student Support
Associate Director,KIPP Forward
Associate Director,Operations
Associate Director of School Operations,Operations
Behavior Analyst,Student Support
Behavior Specialist,Student Support
Campus Facilities Specialist 1,Operations
Campus Facilities Specialist 2,Operations
Canvasser,Additional Work Assignment
College Placement Counselor,KIPP Forward
Compliance Manager,Special Education
Coordinator,KIPP Forward
Coordinator,"Marketing, Comms, and Enrollment"
Coordinator,"Marketing, Comms, and Enrollment"
Coordinator (Part-Time),"Marketing, Comms, and Enrollment"
Counselor,KIPP Forward
Counselor,Student Support
Crossing Guard,Operations
Custodian,Operations
Dean,School Leadership
Dean of Students,School Leadership
Director,KIPP Forward
Director,"Marketing, Comms, and Enrollment"
Director,"Marketing, Comms, and Enrollment"
Director,Operations
Director,Special Education
Director,Student Support
Director Campus Operations,Operations
Director of Social Work,Student Support
Director School Operations,Operations
ESE Teacher,Special Education
Extra-Curricular Assignment,Additional Work Assignment
Fellow School Operations Director,Operations
Head of Schools,School Support
Head of Schools in Residence,School Support
Home Instructor,Additional Work Assignment
Intern,KIPP Forward
Intern,"Marketing, Comms, and Enrollment"
Intern,Operations
Intern,Social Work
Intern,Special Education
Intern,Technology
Learning Disabilities Teacher Consultant,Special Education
Learning Specialist,Special Education
Learning Specialist Coordinator,Special Education
Licensed Practical Nurse,Operations
Manager,KIPP Forward
Manager,"Marketing, Comms, and Enrollment"
Manager,"Marketing, Comms, and Enrollment"
Manager,Operations
Manager,Technology
Managing Director,School Support
Managing Director of School Operations,Operations
Managing Director of Teaching & Learning,School Support
Occupational Therapist,Special Education
Paraprofessional,Special Education
Porter,Operations
Praxis Tutor,Additional Work Assignment
Receptionist,Operations
Regional Facilities Manager,Operations
Registered Nurse,Operations
Saturday School Paraprofessional,Additional Work Assignment
Saturday School Teacher,Additional Work Assignment
School Facilities Specialist 1,Operations
School Facilities Specialist 2,Operations
School Leader,School Leadership
School Leader in Residence,School Leadership
School Operations Manager,Operations
School Psychologist,Special Education
Security,Operations
Senior Custodian,Operations
Senior Manager,Technology
Senior Specialist,Technology
Social Worker,Social Work
Specialist,Technology
Speech Language Pathologist,Special Education
Student Support Advocate,Student Support
Summer Program Paraprofessional,Additional Work Assignment
Summer Program Teacher,Additional Work Assignment
Supervisor,Technology
Teacher,Computer Science
Teacher,Elementary
Teacher,English
Teacher,ES Specials
Teacher,History
Teacher,KIPP Forward
Teacher,Math
Teacher,MS Enrichment
Teacher,Music
Teacher,Physical Education
Teacher,Science
Teacher,Visual and Performing Arts
Teacher,World Languages
Teacher,Writing
Teacher Aide,Student Support
Teacher ESL,Special Education
Teacher in Residence,Elementary
Teacher in Residence,Middle
Teacher in Residence ESL,Special Education
Team and Family Couselor,KIPP Forward
Achievement Director,Special Education
After School Program Assignment,Additional Work Assignment
Aide - Non-Instructional,Operations
Aide - Non-Instructional - Level II,Operations
Assistant,Additional Work Assignment
Assistant Dean,Student Support
Assistant Dean,Student Support
Assistant School Leader,School Leadership
"Assistant School Leader, School Culture",School Leadership
"Assistant School Leader, SPED",School Leadership
Associate,"Marketing, Comms, and Enrollment"
Associate,Operations
Associate Director,KIPP Forward
Associate Director,"Marketing, Comms, and Enrollment"
Associate Director,Operations
Associate Director,Student Support
Associate Director,Teaching and Learning
Associate Director of School Operations,Operations
Behavior Analyst,Student Support
Behavior Specialist,Student Support
Campus Facilities Specialist 1,Operations
Campus Facilities Specialist 2,Operations
Canvasser,Additional Work Assignment
Chief Of Staff,School Support
College Placement Counselor,KIPP Forward
Compliance Manager,Special Education
Coordinator,KIPP Forward
Coordinator,"Marketing, Comms, and Enrollment"
Coordinator,School Support
Coordinator (Part-Time),"Marketing, Comms, and Enrollment"
Counselor,KIPP Forward
Counselor,Student Support
Custodian,Operations
Dean,School Leadership
Dean of Students,School Leadership
Deputy Head of Schools,School Support
Director,KIPP Forward
Director,"Marketing, Comms, and Enrollment"
Director,Operations
Director,School Support
Director,Special Education
Director,Student Experience
Director,Student Support
Director Campus Operations,Operations
Director of Social Work,Student Support
Director School Operations,Operations
Extra-Curricular Assignment,Additional Work Assignment
Fellow,KIPP Forward
Fellow School Operations Director,Operations
Head of Schools,School Support
Head of Schools in Residence,School Support
Home Instructor,Additional Work Assignment
Intern,KIPP Forward
Intern,"Marketing, Comms, and Enrollment"
Intern,Operations
Intern,Social Work
Intern,Special Education
Intern,Technology
Learning Disabilities Teacher Consultant,Special Education
Learning Specialist,Special Education
Learning Specialist Coordinator,Special Education
Licensed Practical Nurse,Operations
Licensed Security Officer,Operations
Manager,KIPP Forward
Manager,"Marketing, Comms, and Enrollment"
Manager,Operations
Manager,School Support
Manager,Technology
Managing Director,School Support
Managing Director,Student Experience
Managing Director,Student Experience
Managing Director of School Operations,Operations
Mental Health Counselor,Social Work
Occupational Therapist,Special Education
Office Manager,Operations
Operations Coordinator,Operations
Paraprofessional,Special Education
Porter,Operations
Praxis Tutor,Additional Work Assignment
Regional Facilities Manager,Operations
Registered Nurse,Operations
School Facilities Specialist 1,Operations
School Facilities Specialist 2,Operations
School Leader,School Leadership
School Leader in Residence,School Leadership
School Operations Manager,Operations
School Psychologist,Special Education
Security,Operations
Senior Custodian,Operations
Senior Manager,Technology
Senior Specialist,Technology
Social Worker,Social Work
Specialist,Technology
Speech Language Pathologist,Special Education
Student Support Advocate,Student Support
Substitute Teacher,School Support
Summer Nurse,Additional Work Assignment
Summer Program Manager,Additional Work Assignment
Summer Program Occupational Therapist,Additional Work Assignment
Summer Program Paraprofessional,Additional Work Assignment
Summer Program Social Worker,Additional Work Assignment
Summer Program Speech Language Pathologist,Additional Work Assignment
Summer Program Student Support Advocate,Additional Work Assignment
Summer Program Teacher,Additional Work Assignment
Supervisor,Technology
Teacher,Computer Science
Teacher,Elementary
Teacher,English
Teacher,ES Specials
Teacher,History
Teacher,KIPP Forward
Teacher,Math
Teacher,MS Enrichment
Teacher,Music
Teacher,Physical Education
Teacher,School Support
Teacher,Science
Teacher,Special Education
Teacher,Visual and Performing Arts
Teacher,World Languages
Teacher,Writing
Teacher ESL,Special Education
Teacher in Residence,Elementary
Teacher in Residence,High
Teacher in Residence,Middle
Teacher in Residence ESL,Special Education
Team and Family Couselor,KIPP Forward
